"Kimlik","T羹r","Stok kodu (SKU)","襤sim","Yay覺mlanm覺","ne 癟覺kan?","Katalogda g繹r羹n羹rl羹k","K覺sa a癟覺klama","A癟覺klama","襤ndirimli fiyat覺n balad覺覺 tarih","襤ndirimli fiyat覺n bittii tarih","Vergi durumu","Vergi s覺n覺f覺","Stokta?","Stok","D羹羹k stok miktar覺","Yok satmaya izin?","Ayr覺 ayr覺 m覺 sat覺l覺yor?","A覺rl覺k (kg)","Uzunluk (cm)","Genilik (cm)","Y羹kseklik (cm)","M羹teri yorumlar覺na izin?","Sat覺n alma notu","襤ndirimli sat覺 fiyat覺","Normal fiyat","Kategoriler","Etiketler","G繹nderim s覺n覺f覺","G繹rseller","襤ndirme s覺n覺r覺","襤ndirme sona erme g羹n羹","Ebeveyn","Gruplanm覺 羹r羹nler","Yukar覺 sat覺lar","apraz sat覺lar","Harici URL","D羹me metni","Konum","襤ndirme 1 ismi","襤ndirme 1 URL'si","Nitelik 1 ismi","Nitelik 1 deer(ler)i","Nitelik 1 g繹r羹n羹r","Nitelik 1 genel","Nitelik 1 varsay覺lan","Nitelik 2 ismi","Nitelik 2 deer(ler)i","Nitelik 2 g繹r羹n羹r","Nitelik 2 genel","Nitelik 2 varsay覺lan"
11,"simple, downloadable, virtual","WOO-SINGLE-1","Woo Tekli # 1",1,0,"visible","G羹l filmini mi gitti m覺knat覺sl覺 okuma sayfas覺 yapacakm覺 cezbelendi gitti patl覺can kotum batarya kutusu lakin adanaya 癟羹nk羹 cezbelendi. tekinden dolay覺 mutlu oldular afak bundan dolay覺 kalemi tv. Tv duyulmam覺 繹tekinden dolay覺 繹tekinden dolay覺 afak 癟ak覺l. S覺radanl覺ktan sinema lambadaki t羹remi s覺fat domates. I覺k da覺l覺m覺 g羹l ona doru un deirmeni masaya doru gidecekmi orta camisi 繹yle ki gidecekmi batarya kutusu adresini afak. Ekili 癟orba cezbelendi telefonu ona doru adresini 癟羹nk羹.","G羹l filmini mi gitti m覺knat覺sl覺 okuma sayfas覺 yapacakm覺 cezbelendi gitti patl覺can kotum batarya kutusu lakin adanaya 癟羹nk羹 cezbelendi. tekinden dolay覺 mutlu oldular afak bundan dolay覺 kalemi tv. Tv duyulmam覺 繹tekinden dolay覺 繹tekinden dolay覺 afak 癟ak覺l. S覺radanl覺ktan sinema lambadaki t羹remi s覺fat domates. I覺k da覺l覺m覺 g羹l ona doru un deirmeni masaya doru gidecekmi orta camisi 繹yle ki gidecekmi batarya kutusu adresini afak. Ekili 癟orba cezbelendi telefonu ona doru adresini 癟羹nk羹.",,,"taxable",,1,,,0,0,,,,,1,,3,3,"M羹zik, M羹zik > Tekliler",,,"https://demo.woothemes.com/woocommerce/wp-content/uploads/sites/56/2013/06/cd_4_angle.jpg, https://demo.woothemes.com/woocommerce/wp-content/uploads/sites/56/2013/06/cd_4_flat.jpg","-1","-1",,,,,,,0,"Song #1","https://woocommerce.files.wordpress.com/2017/06/woo-single-1.ogg",,,,,,,,,,
12,"simple, downloadable, virtual","WOO-SINGLE-2","Woo Tekli # 2",1,0,"visible","G羹l filmini mi gitti m覺knat覺sl覺 okuma sayfas覺 yapacakm覺 cezbelendi gitti patl覺can kotum batarya kutusu lakin adanaya 癟羹nk羹 cezbelendi. tekinden dolay覺 mutlu oldular afak bundan dolay覺 kalemi tv. Tv duyulmam覺 繹tekinden dolay覺 繹tekinden dolay覺 afak 癟ak覺l. S覺radanl覺ktan sinema lambadaki t羹remi s覺fat domates. I覺k da覺l覺m覺 g羹l ona doru un deirmeni masaya doru gidecekmi orta camisi 繹yle ki gidecekmi batarya kutusu adresini afak. Ekili 癟orba cezbelendi telefonu ona doru adresini 癟羹nk羹.","G羹l filmini mi gitti m覺knat覺sl覺 okuma sayfas覺 yapacakm覺 cezbelendi gitti patl覺can kotum batarya kutusu lakin adanaya 癟羹nk羹 cezbelendi. tekinden dolay覺 mutlu oldular afak bundan dolay覺 kalemi tv. Tv duyulmam覺 繹tekinden dolay覺 繹tekinden dolay覺 afak 癟ak覺l. S覺radanl覺ktan sinema lambadaki t羹remi s覺fat domates. I覺k da覺l覺m覺 g羹l ona doru un deirmeni masaya doru gidecekmi orta camisi 繹yle ki gidecekmi batarya kutusu adresini afak. Ekili 癟orba cezbelendi telefonu ona doru adresini 癟羹nk羹.",,,"taxable",,1,,,0,0,,,,,1,,2,3,"M羹zik, M羹zik > Tekliler",,,"https://demo.woothemes.com/woocommerce/wp-content/uploads/sites/56/2013/06/cd_6_angle.jpg, https://demo.woothemes.com/woocommerce/wp-content/uploads/sites/56/2013/06/cd_6_flat.jpg",10,90,,,,,,,0,"Song #2","https://woocommerce.files.wordpress.com/2017/06/woo-single-2.ogg",,,,,,,,,,
13,"simple, virtual","WOO-ALBUM-1","Woo Alb羹m # 1",1,0,"visible","G羹l filmini mi gitti m覺knat覺sl覺 okuma sayfas覺 yapacakm覺 cezbelendi gitti patl覺can kotum batarya kutusu lakin adanaya 癟羹nk羹 cezbelendi. tekinden dolay覺 mutlu oldular afak bundan dolay覺 kalemi tv. Tv duyulmam覺 繹tekinden dolay覺 繹tekinden dolay覺 afak 癟ak覺l. S覺radanl覺ktan sinema lambadaki t羹remi s覺fat domates. I覺k da覺l覺m覺 g羹l ona doru un deirmeni masaya doru gidecekmi orta camisi 繹yle ki gidecekmi batarya kutusu adresini afak. Ekili 癟orba cezbelendi telefonu ona doru adresini 癟羹nk羹.","G羹l filmini mi gitti m覺knat覺sl覺 okuma sayfas覺 yapacakm覺 cezbelendi gitti patl覺can kotum batarya kutusu lakin adanaya 癟羹nk羹 cezbelendi. tekinden dolay覺 mutlu oldular afak bundan dolay覺 kalemi tv. Tv duyulmam覺 繹tekinden dolay覺 繹tekinden dolay覺 afak 癟ak覺l. S覺radanl覺ktan sinema lambadaki t羹remi s覺fat domates. I覺k da覺l覺m覺 g羹l ona doru un deirmeni masaya doru gidecekmi orta camisi 繹yle ki gidecekmi batarya kutusu adresini afak. Ekili 癟orba cezbelendi telefonu ona doru adresini 癟羹nk羹.",,,"taxable",,1,,,0,0,,,,,1,,9,9,"M羹zik > Alb羹mler, M羹zik",,,"https://demo.woothemes.com/woocommerce/wp-content/uploads/sites/56/2013/06/cd_1_angle.jpg, https://demo.woothemes.com/woocommerce/wp-content/uploads/sites/56/2013/06/cd_1_flat.jpg",,,,,,,,,0,,,,,,,,,,,,
14,"simple, virtual","WOO-ALBUM-2","Woo Alb羹m # 2",1,0,"visible","G羹l filmini mi gitti m覺knat覺sl覺 okuma sayfas覺 yapacakm覺 cezbelendi gitti patl覺can kotum batarya kutusu lakin adanaya 癟羹nk羹 cezbelendi. tekinden dolay覺 mutlu oldular afak bundan dolay覺 kalemi tv. Tv duyulmam覺 繹tekinden dolay覺 繹tekinden dolay覺 afak 癟ak覺l. S覺radanl覺ktan sinema lambadaki t羹remi s覺fat domates. I覺k da覺l覺m覺 g羹l ona doru un deirmeni masaya doru gidecekmi orta camisi 繹yle ki gidecekmi batarya kutusu adresini afak. Ekili 癟orba cezbelendi telefonu ona doru adresini 癟羹nk羹.","G羹l filmini mi gitti m覺knat覺sl覺 okuma sayfas覺 yapacakm覺 cezbelendi gitti patl覺can kotum batarya kutusu lakin adanaya 癟羹nk羹 cezbelendi. tekinden dolay覺 mutlu oldular afak bundan dolay覺 kalemi tv. Tv duyulmam覺 繹tekinden dolay覺 繹tekinden dolay覺 afak 癟ak覺l. S覺radanl覺ktan sinema lambadaki t羹remi s覺fat domates. I覺k da覺l覺m覺 g羹l ona doru un deirmeni masaya doru gidecekmi orta camisi 繹yle ki gidecekmi batarya kutusu adresini afak. Ekili 癟orba cezbelendi telefonu ona doru adresini 癟羹nk羹.",,,"taxable",,1,,,0,0,,,,,1,,9,9,"M羹zik > Alb羹mler, M羹zik",,,"https://demo.woothemes.com/woocommerce/wp-content/uploads/sites/56/2013/06/cd_2_angle.jpg, https://demo.woothemes.com/woocommerce/wp-content/uploads/sites/56/2013/06/cd_2_flat.jpg",,,,,,,,,0,,,,,,,,,,,,
15,"simple, virtual","WOO-ALBUM-3","Woo Alb羹m # 3",1,0,"visible","G羹l filmini mi gitti m覺knat覺sl覺 okuma sayfas覺 yapacakm覺 cezbelendi gitti patl覺can kotum batarya kutusu lakin adanaya 癟羹nk羹 cezbelendi. tekinden dolay覺 mutlu oldular afak bundan dolay覺 kalemi tv. Tv duyulmam覺 繹tekinden dolay覺 繹tekinden dolay覺 afak 癟ak覺l. S覺radanl覺ktan sinema lambadaki t羹remi s覺fat domates. I覺k da覺l覺m覺 g羹l ona doru un deirmeni masaya doru gidecekmi orta camisi 繹yle ki gidecekmi batarya kutusu adresini afak. Ekili 癟orba cezbelendi telefonu ona doru adresini 癟羹nk羹.","G羹l filmini mi gitti m覺knat覺sl覺 okuma sayfas覺 yapacakm覺 cezbelendi gitti patl覺can kotum batarya kutusu lakin adanaya 癟羹nk羹 cezbelendi. tekinden dolay覺 mutlu oldular afak bundan dolay覺 kalemi tv. Tv duyulmam覺 繹tekinden dolay覺 繹tekinden dolay覺 afak 癟ak覺l. S覺radanl覺ktan sinema lambadaki t羹remi s覺fat domates. I覺k da覺l覺m覺 g羹l ona doru un deirmeni masaya doru gidecekmi orta camisi 繹yle ki gidecekmi batarya kutusu adresini afak. Ekili 癟orba cezbelendi telefonu ona doru adresini 癟羹nk羹.",,,"taxable",,1,,,0,0,,,,,1,,9,9,"M羹zik > Alb羹mler, M羹zik",,,"https://demo.woothemes.com/woocommerce/wp-content/uploads/sites/56/2013/06/cd_3_angle.jpg, https://demo.woothemes.com/woocommerce/wp-content/uploads/sites/56/2013/06/cd_3_flat.jpg",,,,,,,,,0,,,,,,,,,,,,
16,"simple","T-SHIRT-WOO-LOGO","Woo Logosu",1,0,"visible","G羹l filmini mi gitti m覺knat覺sl覺 okuma sayfas覺 yapacakm覺 cezbelendi gitti patl覺can kotum batarya kutusu lakin adanaya 癟羹nk羹 cezbelendi. tekinden dolay覺 mutlu oldular afak bundan dolay覺 kalemi tv. Tv duyulmam覺 繹tekinden dolay覺 繹tekinden dolay覺 afak 癟ak覺l. S覺radanl覺ktan sinema lambadaki t羹remi s覺fat domates. I覺k da覺l覺m覺 g羹l ona doru un deirmeni masaya doru gidecekmi orta camisi 繹yle ki gidecekmi batarya kutusu adresini afak. Ekili 癟orba cezbelendi telefonu ona doru adresini 癟羹nk羹.","G羹l filmini mi gitti m覺knat覺sl覺 okuma sayfas覺 yapacakm覺 cezbelendi gitti patl覺can kotum batarya kutusu lakin adanaya 癟羹nk羹 cezbelendi. tekinden dolay覺 mutlu oldular afak bundan dolay覺 kalemi tv. Tv duyulmam覺 繹tekinden dolay覺 繹tekinden dolay覺 afak 癟ak覺l. S覺radanl覺ktan sinema lambadaki t羹remi s覺fat domates. I覺k da覺l覺m覺 g羹l ona doru un deirmeni masaya doru gidecekmi orta camisi 繹yle ki gidecekmi batarya kutusu adresini afak. Ekili 癟orba cezbelendi telefonu ona doru adresini 癟羹nk羹.",,,"taxable",,1,5,,0,0,,,,,1,,18,20,"Giyim, Giyim > Ti繹rt",,,"https://demo.woothemes.com/woocommerce/wp-content/uploads/sites/56/2013/06/T_1_front.jpg, https://demo.woothemes.com/woocommerce/wp-content/uploads/sites/56/2013/06/T_1_back.jpg",,,,,"HOODIE-WOO-LOGO",,,,0,,,,,,,,,,,,
17,"simple","HOODIE-WOO-LOGO","Woo Logosu",1,0,"visible","G羹l filmini mi gitti m覺knat覺sl覺 okuma sayfas覺 yapacakm覺 cezbelendi gitti patl覺can kotum batarya kutusu lakin adanaya 癟羹nk羹 cezbelendi. tekinden dolay覺 mutlu oldular afak bundan dolay覺 kalemi tv. Tv duyulmam覺 繹tekinden dolay覺 繹tekinden dolay覺 afak 癟ak覺l. S覺radanl覺ktan sinema lambadaki t羹remi s覺fat domates. I覺k da覺l覺m覺 g羹l ona doru un deirmeni masaya doru gidecekmi orta camisi 繹yle ki gidecekmi batarya kutusu adresini afak. Ekili 癟orba cezbelendi telefonu ona doru adresini 癟羹nk羹.","G羹l filmini mi gitti m覺knat覺sl覺 okuma sayfas覺 yapacakm覺 cezbelendi gitti patl覺can kotum batarya kutusu lakin adanaya 癟羹nk羹 cezbelendi. tekinden dolay覺 mutlu oldular afak bundan dolay覺 kalemi tv. Tv duyulmam覺 繹tekinden dolay覺 繹tekinden dolay覺 afak 癟ak覺l. S覺radanl覺ktan sinema lambadaki t羹remi s覺fat domates. I覺k da覺l覺m覺 g羹l ona doru un deirmeni masaya doru gidecekmi orta camisi 繹yle ki gidecekmi batarya kutusu adresini afak. Ekili 癟orba cezbelendi telefonu ona doru adresini 癟羹nk羹.",,,"taxable",,1,,,0,0,,,,,1,,35,35,"Giyim, Giyim > Kap羹onlular",,,"https://demo.woothemes.com/woocommerce/wp-content/uploads/sites/56/2013/06/hoodie_6_front.jpg, https://demo.woothemes.com/woocommerce/wp-content/uploads/sites/56/2013/06/hoodie_6_back.jpg",,,,,,"T-SHIRT-WOO-LOGO",,,0,,,,,,,,,,,,
18,"simple","T-SHIRT-WOO-NINJA","Woo Ninja",1,0,"visible","G羹l filmini mi gitti m覺knat覺sl覺 okuma sayfas覺 yapacakm覺 cezbelendi gitti patl覺can kotum batarya kutusu lakin adanaya 癟羹nk羹 cezbelendi. tekinden dolay覺 mutlu oldular afak bundan dolay覺 kalemi tv. Tv duyulmam覺 繹tekinden dolay覺 繹tekinden dolay覺 afak 癟ak覺l. S覺radanl覺ktan sinema lambadaki t羹remi s覺fat domates. I覺k da覺l覺m覺 g羹l ona doru un deirmeni masaya doru gidecekmi orta camisi 繹yle ki gidecekmi batarya kutusu adresini afak. Ekili 癟orba cezbelendi telefonu ona doru adresini 癟羹nk羹.","G羹l filmini mi gitti m覺knat覺sl覺 okuma sayfas覺 yapacakm覺 cezbelendi gitti patl覺can kotum batarya kutusu lakin adanaya 癟羹nk羹 cezbelendi. tekinden dolay覺 mutlu oldular afak bundan dolay覺 kalemi tv. Tv duyulmam覺 繹tekinden dolay覺 繹tekinden dolay覺 afak 癟ak覺l. S覺radanl覺ktan sinema lambadaki t羹remi s覺fat domates. I覺k da覺l覺m覺 g羹l ona doru un deirmeni masaya doru gidecekmi orta camisi 繹yle ki gidecekmi batarya kutusu adresini afak. Ekili 癟orba cezbelendi telefonu ona doru adresini 癟羹nk羹.",,,"taxable",,1,,,0,0,,,,,1,,20,20,"Giyim, Giyim > Ti繹rt",,,"https://demo.woothemes.com/woocommerce/wp-content/uploads/sites/56/2013/06/T_6_front.jpg, https://demo.woothemes.com/woocommerce/wp-content/uploads/sites/56/2013/06/T_6_back.jpg",,,,,"HOODIE-WOO-NINJA","T-SHIRT-HAPPY-NINJA, T-SHIRT-NINJA-SILHOUETTE",,,0,,,,,,,,,,,,
19,"simple","HOODIE-WOO-NINJA","Woo Ninja",1,0,"visible","G羹l filmini mi gitti m覺knat覺sl覺 okuma sayfas覺 yapacakm覺 cezbelendi gitti patl覺can kotum batarya kutusu lakin adanaya 癟羹nk羹 cezbelendi. tekinden dolay覺 mutlu oldular afak bundan dolay覺 kalemi tv. Tv duyulmam覺 繹tekinden dolay覺 繹tekinden dolay覺 afak 癟ak覺l. S覺radanl覺ktan sinema lambadaki t羹remi s覺fat domates. I覺k da覺l覺m覺 g羹l ona doru un deirmeni masaya doru gidecekmi orta camisi 繹yle ki gidecekmi batarya kutusu adresini afak. Ekili 癟orba cezbelendi telefonu ona doru adresini 癟羹nk羹.","G羹l filmini mi gitti m覺knat覺sl覺 okuma sayfas覺 yapacakm覺 cezbelendi gitti patl覺can kotum batarya kutusu lakin adanaya 癟羹nk羹 cezbelendi. tekinden dolay覺 mutlu oldular afak bundan dolay覺 kalemi tv. Tv duyulmam覺 繹tekinden dolay覺 繹tekinden dolay覺 afak 癟ak覺l. S覺radanl覺ktan sinema lambadaki t羹remi s覺fat domates. I覺k da覺l覺m覺 g羹l ona doru un deirmeni masaya doru gidecekmi orta camisi 繹yle ki gidecekmi batarya kutusu adresini afak. Ekili 癟orba cezbelendi telefonu ona doru adresini 癟羹nk羹.",,,"taxable",,1,,,0,0,,,,,1,,35,35,"Giyim, Giyim > Kap羹onlular",,,"https://demo.woothemes.com/woocommerce/wp-content/uploads/sites/56/2013/06/hoodie_2_front.jpg, https://demo.woothemes.com/woocommerce/wp-content/uploads/sites/56/2013/06/hoodie_2_back.jpg",,,,,,"T-SHIRT-WOO-NINJA",,,0,,,,,,,,,,,,
20,"simple","T-SHIRT-PREMIUM-QUALITY","st羹n kaliteli",1,0,"visible","G羹l filmini mi gitti m覺knat覺sl覺 okuma sayfas覺 yapacakm覺 cezbelendi gitti patl覺can kotum batarya kutusu lakin adanaya 癟羹nk羹 cezbelendi. tekinden dolay覺 mutlu oldular afak bundan dolay覺 kalemi tv. Tv duyulmam覺 繹tekinden dolay覺 繹tekinden dolay覺 afak 癟ak覺l. S覺radanl覺ktan sinema lambadaki t羹remi s覺fat domates. I覺k da覺l覺m覺 g羹l ona doru un deirmeni masaya doru gidecekmi orta camisi 繹yle ki gidecekmi batarya kutusu adresini afak. Ekili 癟orba cezbelendi telefonu ona doru adresini 癟羹nk羹.","G羹l filmini mi gitti m覺knat覺sl覺 okuma sayfas覺 yapacakm覺 cezbelendi gitti patl覺can kotum batarya kutusu lakin adanaya 癟羹nk羹 cezbelendi. tekinden dolay覺 mutlu oldular afak bundan dolay覺 kalemi tv. Tv duyulmam覺 繹tekinden dolay覺 繹tekinden dolay覺 afak 癟ak覺l. S覺radanl覺ktan sinema lambadaki t羹remi s覺fat domates. I覺k da覺l覺m覺 g羹l ona doru un deirmeni masaya doru gidecekmi orta camisi 繹yle ki gidecekmi batarya kutusu adresini afak. Ekili 癟orba cezbelendi telefonu ona doru adresini 癟羹nk羹.",,,"taxable",,1,,,0,0,,,,,1,,20,20,"Giyim, Giyim > Ti繹rt",,,"https://demo.woothemes.com/woocommerce/wp-content/uploads/sites/56/2013/06/T_2_front.jpg, https://demo.woothemes.com/woocommerce/wp-content/uploads/sites/56/2013/06/T_2_back.jpg",,,,,,,,,0,,,,,,,,,,,,
21,"variable","T-SHIRT-SHIP-YOUR-IDEA","Fikrini G繹nder",1,0,"visible","G羹l filmini mi gitti m覺knat覺sl覺 okuma sayfas覺 yapacakm覺 cezbelendi gitti patl覺can kotum batarya kutusu lakin adanaya 癟羹nk羹 cezbelendi. tekinden dolay覺 mutlu oldular afak bundan dolay覺 kalemi tv. Tv duyulmam覺 繹tekinden dolay覺 繹tekinden dolay覺 afak 癟ak覺l. S覺radanl覺ktan sinema lambadaki t羹remi s覺fat domates. I覺k da覺l覺m覺 g羹l ona doru un deirmeni masaya doru gidecekmi orta camisi 繹yle ki gidecekmi batarya kutusu adresini afak. Ekili 癟orba cezbelendi telefonu ona doru adresini 癟羹nk羹.","G羹l filmini mi gitti m覺knat覺sl覺 okuma sayfas覺 yapacakm覺 cezbelendi gitti patl覺can kotum batarya kutusu lakin adanaya 癟羹nk羹 cezbelendi. tekinden dolay覺 mutlu oldular afak bundan dolay覺 kalemi tv. Tv duyulmam覺 繹tekinden dolay覺 繹tekinden dolay覺 afak 癟ak覺l. S覺radanl覺ktan sinema lambadaki t羹remi s覺fat domates. I覺k da覺l覺m覺 g羹l ona doru un deirmeni masaya doru gidecekmi orta camisi 繹yle ki gidecekmi batarya kutusu adresini afak. Ekili 癟orba cezbelendi telefonu ona doru adresini 癟羹nk羹.",,,"taxable",,1,,,0,0,,,,,1,,,,"Giyim, Giyim > Ti繹rt",,,"https://demo.woothemes.com/woocommerce/wp-content/uploads/sites/56/2013/06/T_4_front.jpg, https://demo.woothemes.com/woocommerce/wp-content/uploads/sites/56/2013/06/T_3_back.jpg, https://demo.woothemes.com/woocommerce/wp-content/uploads/sites/56/2013/06/T_3_front.jpg, https://demo.woothemes.com/woocommerce/wp-content/uploads/sites/56/2013/06/T_4_back.jpg, https://demo.woothemes.com/woocommerce/wp-content/uploads/sites/56/2013/06/T_4_front1.jpg",,,,,"HOODIE-SHIP-YOUR-IDEA",,,,0,,,"Color","Black, Green",0,1,,,,,,
22,"variable","HOODIE-SHIP-YOUR-IDEA","Fikrini G繹nder",1,0,"visible","G羹l filmini mi gitti m覺knat覺sl覺 okuma sayfas覺 yapacakm覺 cezbelendi gitti patl覺can kotum batarya kutusu lakin adanaya 癟羹nk羹 cezbelendi. tekinden dolay覺 mutlu oldular afak bundan dolay覺 kalemi tv. Tv duyulmam覺 繹tekinden dolay覺 繹tekinden dolay覺 afak 癟ak覺l. S覺radanl覺ktan sinema lambadaki t羹remi s覺fat domates. I覺k da覺l覺m覺 g羹l ona doru un deirmeni masaya doru gidecekmi orta camisi 繹yle ki gidecekmi batarya kutusu adresini afak. Ekili 癟orba cezbelendi telefonu ona doru adresini 癟羹nk羹.","G羹l filmini mi gitti m覺knat覺sl覺 okuma sayfas覺 yapacakm覺 cezbelendi gitti patl覺can kotum batarya kutusu lakin adanaya 癟羹nk羹 cezbelendi. tekinden dolay覺 mutlu oldular afak bundan dolay覺 kalemi tv. Tv duyulmam覺 繹tekinden dolay覺 繹tekinden dolay覺 afak 癟ak覺l. S覺radanl覺ktan sinema lambadaki t羹remi s覺fat domates. I覺k da覺l覺m覺 g羹l ona doru un deirmeni masaya doru gidecekmi orta camisi 繹yle ki gidecekmi batarya kutusu adresini afak. Ekili 癟orba cezbelendi telefonu ona doru adresini 癟羹nk羹.",,,"taxable",,1,,,0,0,,,,,1,,,,"Giyim, Giyim > Kap羹onlular",,,"https://demo.woothemes.com/woocommerce/wp-content/uploads/sites/56/2013/06/hoodie_7_front.jpg, https://demo.woothemes.com/woocommerce/wp-content/uploads/sites/56/2013/06/hoodie_7_back.jpg, https://demo.woothemes.com/woocommerce/wp-content/uploads/sites/56/2013/06/hoodie_1_back.jpg, https://demo.woothemes.com/woocommerce/wp-content/uploads/sites/56/2013/06/hoodie_1_front.jpg",,,,,,"T-SHIRT-SHIP-YOUR-IDEA",,,0,,,"Color","Black, Blue",0,1,"Black","Size","L, XL",1,0,"L"
23,"simple","T-SHIRT-NINJA-SILHOUETTE","Ninja Silueti",1,0,"visible","G羹l filmini mi gitti m覺knat覺sl覺 okuma sayfas覺 yapacakm覺 cezbelendi gitti patl覺can kotum batarya kutusu lakin adanaya 癟羹nk羹 cezbelendi. tekinden dolay覺 mutlu oldular afak bundan dolay覺 kalemi tv. Tv duyulmam覺 繹tekinden dolay覺 繹tekinden dolay覺 afak 癟ak覺l. S覺radanl覺ktan sinema lambadaki t羹remi s覺fat domates. I覺k da覺l覺m覺 g羹l ona doru un deirmeni masaya doru gidecekmi orta camisi 繹yle ki gidecekmi batarya kutusu adresini afak. Ekili 癟orba cezbelendi telefonu ona doru adresini 癟羹nk羹.","G羹l filmini mi gitti m覺knat覺sl覺 okuma sayfas覺 yapacakm覺 cezbelendi gitti patl覺can kotum batarya kutusu lakin adanaya 癟羹nk羹 cezbelendi. tekinden dolay覺 mutlu oldular afak bundan dolay覺 kalemi tv. Tv duyulmam覺 繹tekinden dolay覺 繹tekinden dolay覺 afak 癟ak覺l. S覺radanl覺ktan sinema lambadaki t羹remi s覺fat domates. I覺k da覺l覺m覺 g羹l ona doru un deirmeni masaya doru gidecekmi orta camisi 繹yle ki gidecekmi batarya kutusu adresini afak. Ekili 癟orba cezbelendi telefonu ona doru adresini 癟羹nk羹.",,,"taxable",,1,,,0,0,,,,,1,,20,20,"Giyim, Giyim > Ti繹rt",,,"https://demo.woothemes.com/woocommerce/wp-content/uploads/sites/56/2013/06/T_5_front.jpg, https://demo.woothemes.com/woocommerce/wp-content/uploads/sites/56/2013/06/T_5_back.jpg",,,,,"HOODIE-NINJA-SILHOUETTE","T-SHIRT-WOO-NINJA, T-SHIRT-HAPPY-NINJA",,,0,,,,,,,,,,,,
24,"simple","T-SHIRT-HAPPY-NINJA","Mutlu Ninja",1,0,"visible","G羹l filmini mi gitti m覺knat覺sl覺 okuma sayfas覺 yapacakm覺 cezbelendi gitti patl覺can kotum batarya kutusu lakin adanaya 癟羹nk羹 cezbelendi. tekinden dolay覺 mutlu oldular afak bundan dolay覺 kalemi tv. Tv duyulmam覺 繹tekinden dolay覺 繹tekinden dolay覺 afak 癟ak覺l. S覺radanl覺ktan sinema lambadaki t羹remi s覺fat domates. I覺k da覺l覺m覺 g羹l ona doru un deirmeni masaya doru gidecekmi orta camisi 繹yle ki gidecekmi batarya kutusu adresini afak. Ekili 癟orba cezbelendi telefonu ona doru adresini 癟羹nk羹.","G羹l filmini mi gitti m覺knat覺sl覺 okuma sayfas覺 yapacakm覺 cezbelendi gitti patl覺can kotum batarya kutusu lakin adanaya 癟羹nk羹 cezbelendi. tekinden dolay覺 mutlu oldular afak bundan dolay覺 kalemi tv. Tv duyulmam覺 繹tekinden dolay覺 繹tekinden dolay覺 afak 癟ak覺l. S覺radanl覺ktan sinema lambadaki t羹remi s覺fat domates. I覺k da覺l覺m覺 g羹l ona doru un deirmeni masaya doru gidecekmi orta camisi 繹yle ki gidecekmi batarya kutusu adresini afak. Ekili 癟orba cezbelendi telefonu ona doru adresini 癟羹nk羹.",,,"taxable",,1,,,0,0,,,,,1,,18,18,"Giyim, Giyim > Ti繹rt",,,"https://demo.woothemes.com/woocommerce/wp-content/uploads/sites/56/2013/06/T_7_front.jpg, https://demo.woothemes.com/woocommerce/wp-content/uploads/sites/56/2013/06/T_7_back.jpg",,,,,"HOODIE-HAPPY-NINJA","T-SHIRT-WOO-NINJA, T-SHIRT-NINJA-SILHOUETTE",,,0,,,,,,,,,,,,
25,"simple","HOODIE-HAPPY-NINJA","Mutlu Ninja",1,0,"visible","G羹l filmini mi gitti m覺knat覺sl覺 okuma sayfas覺 yapacakm覺 cezbelendi gitti patl覺can kotum batarya kutusu lakin adanaya 癟羹nk羹 cezbelendi. tekinden dolay覺 mutlu oldular afak bundan dolay覺 kalemi tv. Tv duyulmam覺 繹tekinden dolay覺 繹tekinden dolay覺 afak 癟ak覺l. S覺radanl覺ktan sinema lambadaki t羹remi s覺fat domates. I覺k da覺l覺m覺 g羹l ona doru un deirmeni masaya doru gidecekmi orta camisi 繹yle ki gidecekmi batarya kutusu adresini afak. Ekili 癟orba cezbelendi telefonu ona doru adresini 癟羹nk羹.","G羹l filmini mi gitti m覺knat覺sl覺 okuma sayfas覺 yapacakm覺 cezbelendi gitti patl覺can kotum batarya kutusu lakin adanaya 癟羹nk羹 cezbelendi. tekinden dolay覺 mutlu oldular afak bundan dolay覺 kalemi tv. Tv duyulmam覺 繹tekinden dolay覺 繹tekinden dolay覺 afak 癟ak覺l. S覺radanl覺ktan sinema lambadaki t羹remi s覺fat domates. I覺k da覺l覺m覺 g羹l ona doru un deirmeni masaya doru gidecekmi orta camisi 繹yle ki gidecekmi batarya kutusu adresini afak. Ekili 癟orba cezbelendi telefonu ona doru adresini 癟羹nk羹.",,,"taxable",,1,,,0,0,,,,,1,,35,35,"Giyim, Giyim > Kap羹onlular",,,"https://demo.woothemes.com/woocommerce/wp-content/uploads/sites/56/2013/06/hoodie_4_front.jpg, https://demo.woothemes.com/woocommerce/wp-content/uploads/sites/56/2013/06/hoodie_4_back.jpg",,,,,,"T-SHIRT-HAPPY-NINJA",,,0,,,,,,,,,,,,
26,"external","HOODIE-NINJA-SILHOUETTE","Ninja Silueti",1,0,"visible","G羹l filmini mi gitti m覺knat覺sl覺 okuma sayfas覺 yapacakm覺 cezbelendi gitti patl覺can kotum batarya kutusu lakin adanaya 癟羹nk羹 cezbelendi. tekinden dolay覺 mutlu oldular afak bundan dolay覺 kalemi tv. Tv duyulmam覺 繹tekinden dolay覺 繹tekinden dolay覺 afak 癟ak覺l. S覺radanl覺ktan sinema lambadaki t羹remi s覺fat domates. I覺k da覺l覺m覺 g羹l ona doru un deirmeni masaya doru gidecekmi orta camisi 繹yle ki gidecekmi batarya kutusu adresini afak. Ekili 癟orba cezbelendi telefonu ona doru adresini 癟羹nk羹.","G羹l filmini mi gitti m覺knat覺sl覺 okuma sayfas覺 yapacakm覺 cezbelendi gitti patl覺can kotum batarya kutusu lakin adanaya 癟羹nk羹 cezbelendi. tekinden dolay覺 mutlu oldular afak bundan dolay覺 kalemi tv. Tv duyulmam覺 繹tekinden dolay覺 繹tekinden dolay覺 afak 癟ak覺l. S覺radanl覺ktan sinema lambadaki t羹remi s覺fat domates. I覺k da覺l覺m覺 g羹l ona doru un deirmeni masaya doru gidecekmi orta camisi 繹yle ki gidecekmi batarya kutusu adresini afak. Ekili 癟orba cezbelendi telefonu ona doru adresini 癟羹nk羹.",,,"taxable",,1,,,0,0,,,,,0,,30,30,"Giyim, Giyim > Kap羹onlular",,,"https://demo.woothemes.com/woocommerce/wp-content/uploads/sites/56/2013/06/hoodie_5_front.jpg, https://demo.woothemes.com/woocommerce/wp-content/uploads/sites/56/2013/06/hoodie_5_back.jpg",,,,,,"T-SHIRT-NINJA-SILHOUETTE","https://mercantile.wordpress.org/product/wordpress-logo-black-zip-hoodie/","Buy on WordPress Swag Store",0,,,,,,,,,,,,
31,"grouped","WOO-SINGLES","Woo Tekliler",1,0,"visible","G羹l filmini mi gitti m覺knat覺sl覺 okuma sayfas覺 yapacakm覺 cezbelendi gitti patl覺can kotum batarya kutusu lakin adanaya 癟羹nk羹 cezbelendi. tekinden dolay覺 mutlu oldular afak bundan dolay覺 kalemi tv. Tv duyulmam覺 繹tekinden dolay覺 繹tekinden dolay覺 afak 癟ak覺l. S覺radanl覺ktan sinema lambadaki t羹remi s覺fat domates. I覺k da覺l覺m覺 g羹l ona doru un deirmeni masaya doru gidecekmi orta camisi 繹yle ki gidecekmi batarya kutusu adresini afak. Ekili 癟orba cezbelendi telefonu ona doru adresini 癟羹nk羹.","G羹l filmini mi gitti m覺knat覺sl覺 okuma sayfas覺 yapacakm覺 cezbelendi gitti patl覺can kotum batarya kutusu lakin adanaya 癟羹nk羹 cezbelendi. tekinden dolay覺 mutlu oldular afak bundan dolay覺 kalemi tv. Tv duyulmam覺 繹tekinden dolay覺 繹tekinden dolay覺 afak 癟ak覺l. S覺radanl覺ktan sinema lambadaki t羹remi s覺fat domates. I覺k da覺l覺m覺 g羹l ona doru un deirmeni masaya doru gidecekmi orta camisi 繹yle ki gidecekmi batarya kutusu adresini afak. Ekili 癟orba cezbelendi telefonu ona doru adresini 癟羹nk羹.",,,"taxable",,1,,,0,0,,,,,1,,,,"M羹zik, M羹zik > Singles",,,"https://demo.woothemes.com/woocommerce/wp-content/uploads/sites/56/2013/06/cd_6_flat.jpg",,,,"WOO-SINGLE-1, WOO-SINGLE-2","WOO-ALBUM-1, WOO-ALBUM-2","WOO-ALBUM-3",,,0,,,,,,,,,,,,
34,"simple, virtual","WOO-ALBUM-4","Woo Alb羹m # 4",1,0,"visible","G羹l filmini mi gitti m覺knat覺sl覺 okuma sayfas覺 yapacakm覺 cezbelendi gitti patl覺can kotum batarya kutusu lakin adanaya 癟羹nk羹 cezbelendi. tekinden dolay覺 mutlu oldular afak bundan dolay覺 kalemi tv. Tv duyulmam覺 繹tekinden dolay覺 繹tekinden dolay覺 afak 癟ak覺l. S覺radanl覺ktan sinema lambadaki t羹remi s覺fat domates. I覺k da覺l覺m覺 g羹l ona doru un deirmeni masaya doru gidecekmi orta camisi 繹yle ki gidecekmi batarya kutusu adresini afak. Ekili 癟orba cezbelendi telefonu ona doru adresini 癟羹nk羹.","G羹l filmini mi gitti m覺knat覺sl覺 okuma sayfas覺 yapacakm覺 cezbelendi gitti patl覺can kotum batarya kutusu lakin adanaya 癟羹nk羹 cezbelendi. tekinden dolay覺 mutlu oldular afak bundan dolay覺 kalemi tv. Tv duyulmam覺 繹tekinden dolay覺 繹tekinden dolay覺 afak 癟ak覺l. S覺radanl覺ktan sinema lambadaki t羹remi s覺fat domates. I覺k da覺l覺m覺 g羹l ona doru un deirmeni masaya doru gidecekmi orta camisi 繹yle ki gidecekmi batarya kutusu adresini afak. Ekili 癟orba cezbelendi telefonu ona doru adresini 癟羹nk羹.",,,"taxable",,1,,,0,0,,,,,1,,9,9,"M羹zik > Alb羹mler, M羹zik",,,"https://demo.woothemes.com/woocommerce/wp-content/uploads/sites/56/2013/06/cd_5_angle.jpg, https://demo.woothemes.com/woocommerce/wp-content/uploads/sites/56/2013/06/cd_5_flat.jpg",,,,,,,,,0,,,,,,,,,,,,
43,"simple","POSTER-WOO-LOGO","Woo Logosu",1,0,"visible","G羹l filmini mi gitti m覺knat覺sl覺 okuma sayfas覺 yapacakm覺 cezbelendi gitti patl覺can kotum batarya kutusu lakin adanaya 癟羹nk羹 cezbelendi. tekinden dolay覺 mutlu oldular afak bundan dolay覺 kalemi tv. Tv duyulmam覺 繹tekinden dolay覺 繹tekinden dolay覺 afak 癟ak覺l. S覺radanl覺ktan sinema lambadaki t羹remi s覺fat domates. I覺k da覺l覺m覺 g羹l ona doru un deirmeni masaya doru gidecekmi orta camisi 繹yle ki gidecekmi batarya kutusu adresini afak. Ekili 癟orba cezbelendi telefonu ona doru adresini 癟羹nk羹.","G羹l filmini mi gitti m覺knat覺sl覺 okuma sayfas覺 yapacakm覺 cezbelendi gitti patl覺can kotum batarya kutusu lakin adanaya 癟羹nk羹 cezbelendi. tekinden dolay覺 mutlu oldular afak bundan dolay覺 kalemi tv. Tv duyulmam覺 繹tekinden dolay覺 繹tekinden dolay覺 afak 癟ak覺l. S覺radanl覺ktan sinema lambadaki t羹remi s覺fat domates. I覺k da覺l覺m覺 g羹l ona doru un deirmeni masaya doru gidecekmi orta camisi 繹yle ki gidecekmi batarya kutusu adresini afak. Ekili 癟orba cezbelendi telefonu ona doru adresini 癟羹nk羹.",,,"taxable",,1,,,0,0,,,,,1,,15,15,"Posterler",,,"https://demo.woothemes.com/woocommerce/wp-content/uploads/sites/56/2013/06/poster_5_up.jpg, https://demo.woothemes.com/woocommerce/wp-content/uploads/sites/56/2013/06/Poster_5_flat.jpg",,,,,,"T-SHIRT-WOO-LOGO, HOODIE-WOO-LOGO",,,0,,,,,,,,,,,,
46,"simple","POSTER-WOO-NINJA","Woo Ninja",1,0,"visible","G羹l filmini mi gitti m覺knat覺sl覺 okuma sayfas覺 yapacakm覺 cezbelendi gitti patl覺can kotum batarya kutusu lakin adanaya 癟羹nk羹 cezbelendi. tekinden dolay覺 mutlu oldular afak bundan dolay覺 kalemi tv. Tv duyulmam覺 繹tekinden dolay覺 繹tekinden dolay覺 afak 癟ak覺l. S覺radanl覺ktan sinema lambadaki t羹remi s覺fat domates. I覺k da覺l覺m覺 g羹l ona doru un deirmeni masaya doru gidecekmi orta camisi 繹yle ki gidecekmi batarya kutusu adresini afak. Ekili 癟orba cezbelendi telefonu ona doru adresini 癟羹nk羹.","G羹l filmini mi gitti m覺knat覺sl覺 okuma sayfas覺 yapacakm覺 cezbelendi gitti patl覺can kotum batarya kutusu lakin adanaya 癟羹nk羹 cezbelendi. tekinden dolay覺 mutlu oldular afak bundan dolay覺 kalemi tv. Tv duyulmam覺 繹tekinden dolay覺 繹tekinden dolay覺 afak 癟ak覺l. S覺radanl覺ktan sinema lambadaki t羹remi s覺fat domates. I覺k da覺l覺m覺 g羹l ona doru un deirmeni masaya doru gidecekmi orta camisi 繹yle ki gidecekmi batarya kutusu adresini afak. Ekili 癟orba cezbelendi telefonu ona doru adresini 癟羹nk羹.",,,"taxable",,1,,,0,0,,,,,1,,15,15,"Posterler",,,"https://demo.woothemes.com/woocommerce/wp-content/uploads/sites/56/2013/06/poster_4_up.jpg, https://demo.woothemes.com/woocommerce/wp-content/uploads/sites/56/2013/06/Poster_4_flat.jpg",,,,,,"T-SHIRT-WOO-NINJA, HOODIE-WOO-NINJA",,,0,,,,,,,,,,,,
49,"simple","POSTER-PREMIUM-QUALITY","st羹n kaliteli",1,0,"visible","G羹l filmini mi gitti m覺knat覺sl覺 okuma sayfas覺 yapacakm覺 cezbelendi gitti patl覺can kotum batarya kutusu lakin adanaya 癟羹nk羹 cezbelendi. tekinden dolay覺 mutlu oldular afak bundan dolay覺 kalemi tv. Tv duyulmam覺 繹tekinden dolay覺 繹tekinden dolay覺 afak 癟ak覺l. S覺radanl覺ktan sinema lambadaki t羹remi s覺fat domates. I覺k da覺l覺m覺 g羹l ona doru un deirmeni masaya doru gidecekmi orta camisi 繹yle ki gidecekmi batarya kutusu adresini afak. Ekili 癟orba cezbelendi telefonu ona doru adresini 癟羹nk羹.","G羹l filmini mi gitti m覺knat覺sl覺 okuma sayfas覺 yapacakm覺 cezbelendi gitti patl覺can kotum batarya kutusu lakin adanaya 癟羹nk羹 cezbelendi. tekinden dolay覺 mutlu oldular afak bundan dolay覺 kalemi tv. Tv duyulmam覺 繹tekinden dolay覺 繹tekinden dolay覺 afak 癟ak覺l. S覺radanl覺ktan sinema lambadaki t羹remi s覺fat domates. I覺k da覺l覺m覺 g羹l ona doru un deirmeni masaya doru gidecekmi orta camisi 繹yle ki gidecekmi batarya kutusu adresini afak. Ekili 癟orba cezbelendi telefonu ona doru adresini 癟羹nk羹.",,,"taxable",,1,,,0,0,,,,,1,,12,15,"Posterler",,,"https://demo.woothemes.com/woocommerce/wp-content/uploads/sites/56/2013/06/poster_3_up.jpg, https://demo.woothemes.com/woocommerce/wp-content/uploads/sites/56/2013/06/Poster_3_flat.jpg",,,,,"T-SHIRT-PREMIUM-QUALITY",,,,0,,,,,,,,,,,,
52,"simple","POSTER-FLYING-NINJA","U癟an Ninja",1,0,"visible","G羹l filmini mi gitti m覺knat覺sl覺 okuma sayfas覺 yapacakm覺 cezbelendi gitti patl覺can kotum batarya kutusu lakin adanaya 癟羹nk羹 cezbelendi. tekinden dolay覺 mutlu oldular afak bundan dolay覺 kalemi tv. Tv duyulmam覺 繹tekinden dolay覺 繹tekinden dolay覺 afak 癟ak覺l. S覺radanl覺ktan sinema lambadaki t羹remi s覺fat domates. I覺k da覺l覺m覺 g羹l ona doru un deirmeni masaya doru gidecekmi orta camisi 繹yle ki gidecekmi batarya kutusu adresini afak. Ekili 癟orba cezbelendi telefonu ona doru adresini 癟羹nk羹.","G羹l filmini mi gitti m覺knat覺sl覺 okuma sayfas覺 yapacakm覺 cezbelendi gitti patl覺can kotum batarya kutusu lakin adanaya 癟羹nk羹 cezbelendi. tekinden dolay覺 mutlu oldular afak bundan dolay覺 kalemi tv. Tv duyulmam覺 繹tekinden dolay覺 繹tekinden dolay覺 afak 癟ak覺l. S覺radanl覺ktan sinema lambadaki t羹remi s覺fat domates. I覺k da覺l覺m覺 g羹l ona doru un deirmeni masaya doru gidecekmi orta camisi 繹yle ki gidecekmi batarya kutusu adresini afak. Ekili 癟orba cezbelendi telefonu ona doru adresini 癟羹nk羹.",,,"taxable",,1,,,0,0,,,,,1,,12,15,"Posterler",,,"https://demo.woothemes.com/woocommerce/wp-content/uploads/sites/56/2013/06/poster_2_up.jpg, https://demo.woothemes.com/woocommerce/wp-content/uploads/sites/56/2013/06/Poster_2_flat.jpg",,,,,,,,,0,,,,,,,,,,,,
55,"simple","POSTER-SHIP-YOUR-IDEA","Fikrini G繹nder",1,0,"visible","G羹l filmini mi gitti m覺knat覺sl覺 okuma sayfas覺 yapacakm覺 cezbelendi gitti patl覺can kotum batarya kutusu lakin adanaya 癟羹nk羹 cezbelendi. tekinden dolay覺 mutlu oldular afak bundan dolay覺 kalemi tv. Tv duyulmam覺 繹tekinden dolay覺 繹tekinden dolay覺 afak 癟ak覺l. S覺radanl覺ktan sinema lambadaki t羹remi s覺fat domates. I覺k da覺l覺m覺 g羹l ona doru un deirmeni masaya doru gidecekmi orta camisi 繹yle ki gidecekmi batarya kutusu adresini afak. Ekili 癟orba cezbelendi telefonu ona doru adresini 癟羹nk羹.","G羹l filmini mi gitti m覺knat覺sl覺 okuma sayfas覺 yapacakm覺 cezbelendi gitti patl覺can kotum batarya kutusu lakin adanaya 癟羹nk羹 cezbelendi. tekinden dolay覺 mutlu oldular afak bundan dolay覺 kalemi tv. Tv duyulmam覺 繹tekinden dolay覺 繹tekinden dolay覺 afak 癟ak覺l. S覺radanl覺ktan sinema lambadaki t羹remi s覺fat domates. I覺k da覺l覺m覺 g羹l ona doru un deirmeni masaya doru gidecekmi orta camisi 繹yle ki gidecekmi batarya kutusu adresini afak. Ekili 癟orba cezbelendi telefonu ona doru adresini 癟羹nk羹.",,,"taxable",,1,,,0,0,,,,,1,,15,15,"Posterler",,,"https://demo.woothemes.com/woocommerce/wp-content/uploads/sites/56/2013/06/poster_1_up.jpg, https://demo.woothemes.com/woocommerce/wp-content/uploads/sites/56/2013/06/Poster_1_flat.jpg",,,,,"T-SHIRT-SHIP-YOUR-IDEA, HOODIE-SHIP-YOUR-IDEA","T-SHIRT-SHIP-YOUR-IDEA, HOODIE-SHIP-YOUR-IDEA",,,0,,,,,,,,,,,,
64,"simple","HOODIE-PATIENT-NINJA","Hasta Ninja",1,0,"visible","G羹l filmini mi gitti m覺knat覺sl覺 okuma sayfas覺 yapacakm覺 cezbelendi gitti patl覺can kotum batarya kutusu lakin adanaya 癟羹nk羹 cezbelendi. tekinden dolay覺 mutlu oldular afak bundan dolay覺 kalemi tv. Tv duyulmam覺 繹tekinden dolay覺 繹tekinden dolay覺 afak 癟ak覺l. S覺radanl覺ktan sinema lambadaki t羹remi s覺fat domates. I覺k da覺l覺m覺 g羹l ona doru un deirmeni masaya doru gidecekmi orta camisi 繹yle ki gidecekmi batarya kutusu adresini afak. Ekili 癟orba cezbelendi telefonu ona doru adresini 癟羹nk羹.","G羹l filmini mi gitti m覺knat覺sl覺 okuma sayfas覺 yapacakm覺 cezbelendi gitti patl覺can kotum batarya kutusu lakin adanaya 癟羹nk羹 cezbelendi. tekinden dolay覺 mutlu oldular afak bundan dolay覺 kalemi tv. Tv duyulmam覺 繹tekinden dolay覺 繹tekinden dolay覺 afak 癟ak覺l. S覺radanl覺ktan sinema lambadaki t羹remi s覺fat domates. I覺k da覺l覺m覺 g羹l ona doru un deirmeni masaya doru gidecekmi orta camisi 繹yle ki gidecekmi batarya kutusu adresini afak. Ekili 癟orba cezbelendi telefonu ona doru adresini 癟羹nk羹.",,,"taxable",,1,,,0,0,,,,,1,,35,35,"Giyim, Giyim > Kap羹onlular",,,"https://demo.woothemes.com/woocommerce/wp-content/uploads/sites/56/2013/06/hoodie_3_front.jpg, https://demo.woothemes.com/woocommerce/wp-content/uploads/sites/56/2013/06/hoodie_3_back.jpg",,,,,,"HOODIE-HAPPY-NINJA",,,0,,,,,,,,,,,,
71,"variation","HOODIE-SHIP-YOUR-IDEA-BLUE-XL","Fikrini G繹nder - Mavi, XL",1,0,"visible",,,,,"taxable",,1,,,0,0,,,,,0,,30,35,,,,"https://demo.woothemes.com/woocommerce/wp-content/uploads/sites/56/2013/06/hoodie_1_front.jpg",,,"HOODIE-SHIP-YOUR-IDEA",,,"T-SHIRT-SHIP-YOUR-IDEA",,,0,,,"Color","Blue",,1,,"Size","XL",,0,
72,"variation","HOODIE-SHIP-YOUR-IDEA-BLACK-L","Fikrini G繹nder - Siyah, L",1,0,"visible",,,,,"taxable",,1,,,0,0,,,,,0,,35,35,,,,"https://demo.woothemes.com/woocommerce/wp-content/uploads/sites/56/2013/06/hoodie_7_front.jpg",,,"HOODIE-SHIP-YOUR-IDEA",,,"T-SHIRT-SHIP-YOUR-IDEA",,,0,,,"Color","Black",,1,,"Size","L",,0,
84,"variation","T-SHIRT-SHIP-YOUR-IDEA-GREEN","Fikrini G繹nder - Yeil",1,0,"visible",,,,,"taxable",,1,,,0,0,,,,,0,,20,20,,,,"https://demo.woothemes.com/woocommerce/wp-content/uploads/sites/56/2013/06/T_3_front.jpg",,,"T-SHIRT-SHIP-YOUR-IDEA",,,,,,0,,,"Color","Green",,1,,,,,,
85,"variation","T-SHIRT-SHIP-YOUR-IDEA-BLACK","Fikrini G繹nder - Siyah",1,0,"visible",,,,,"taxable",,1,,,0,0,,,,,0,,20,20,,,,"https://demo.woothemes.com/woocommerce/wp-content/uploads/sites/56/2013/06/T_4_front1.jpg",,,"T-SHIRT-SHIP-YOUR-IDEA",,,,,,0,,,"Color","Black",,1,,,,,,
"Hello World","T-SHIRT-PREMIUM-QUALITY","鈤tn kaliteli","1","0","visible","Gl filmini mi gitti"
"Hello World","T-SHIRT-PREMIUM-QUALITY","鈤tn kaliteli","1","0","visible","Gl filmini mi gitti"
